r1,bridge,r2
P1056,Q11456,P1056
P1056,Q11460,P1056
P1056,Q12140,P1056
P1056,Q12725,P1056
P1056,Q133215,P1056
P1056,Q147538,P1056
P1056,Q14864997,P1056
P1056,Q1546066,P1056
P1056,Q1548025,P1056
P1056,Q155972,P1056
P1056,Q1586573,P1056
P1056,Q161380,P1056
P1056,Q161928,P1056
P1056,Q16338,P1056
P1056,Q171947,P1056
P1056,Q17517,P1056
P1056,Q1814021,P1056
P1056,Q182076,P1056
P1056,Q182656,P1056
P1056,Q183484,P1056
P1056,Q184452,P1056
P1056,Q188507,P1056
P1056,Q209588,P1056
P1056,Q212920,P1056
P1056,Q216916,P1056
P1056,Q22645,P1056
P1056,Q22656,P1056
P1056,Q2638043,P1056
P1056,Q27686,P1056
P1056,Q319845,P1056
P1056,Q334911,P1056
P1056,Q3966,P1056
P1056,Q40858,P1056
P1056,Q43015,P1056
P1056,Q43183,P1056
P1056,Q43193,P1056
P1056,Q44127,P1056
P1056,Q487343,P1056
P1056,Q5297,P1056
P1056,Q5318,P1056
P1056,Q581105,P1056
P1056,Q6554101,P1056
P1056,Q671224,P1056
P1056,Q738621,P1056
P1056,Q7397,P1056
P1056,Q768186,P1056
P1056,Q768267,P1056
P1056,Q7889,P1056
P1056,Q79529,P1056
P1056,Q80831,P1056
P1056,Q83323,P1056
P1056,Q837171,P1056
P1056,Q873442,P1056
P1056,Q875157,P1056
P1056,Q180846,P31
P1056,Q22687,P31
P1056,Q319845,P31
P1056,Q3966,P31
P1056,Q483639,P31
P1056,Q7397,P31
P1056,Q873442,P31
P1056,Q11650,P452
P1056,Q1301371,P452
P1056,Q1546066,P452
P1056,Q16766413,P452
P1056,Q209588,P452
P1056,Q220499,P452
P1056,Q22656,P452
P1056,Q22687,P452
P1056,Q334911,P452
P1056,Q3510521,P452
P1056,Q3966,P452
P1056,Q401404,P452
P1056,Q4290,P452
P1056,Q43015,P452
P1056,Q43183,P452
P1056,Q483639,P452
P1056,Q581105,P452
P1056,Q590870,P452
P1056,Q626608,P452
P1056,Q6554101,P452
P1056,Q66221,P452
P1056,Q7397,P452
P1056,Q765633,P452
P1056,Q81799,P452
P1056,Q837171,P452
P1056,Q873442,P452
P112,Q323682,P112
P112,Q364220,P112
P112,Q380467,P112
P112,Q7519033,P112
P112,Q1521908,P127
P112,Q305177,P127
P112,Q312556,P127
P112,Q319137,P127
P112,Q348483,P127
P112,Q4934,P127
P112,Q5284,P127
P112,Q7306657,P127
P112,Q92759,P127
P112,Q92764,P127
P112,Q1344392,P169
P112,Q1521908,P169
P112,Q17305768,P169
P112,Q1903673,P169
P112,Q19837,P169
P112,Q241735,P169
P112,Q243969,P169
P112,Q296647,P169
P112,Q305177,P169
P112,Q312556,P169
P112,Q3161046,P169
P112,Q319137,P169
P112,Q319648,P169
P112,Q3218882,P169
P112,Q347432,P169
P112,Q4117176,P169
P112,Q432929,P169
P112,Q435716,P169
P112,Q4934,P169
P112,Q497827,P169
P112,Q5284,P169
P112,Q53944,P169
P112,Q5483294,P169
P112,Q5524792,P169
P112,Q6175884,P169
P112,Q7306657,P169
P112,Q7325595,P169
P112,Q7612483,P169
P112,Q8704,P169
P112,Q8768,P169
P112,Q6499202,P749
P113,Q14295,P113
P113,Q319654,P113
P113,Q8685,P113
P113,Q8731,P113
P114,Q8787,P114
P121,Q6387,P1056
P121,Q6394,P1056
P121,Q6401,P1056
P121,Q6409,P1056
P121,Q6418,P1056
P121,Q6423,P1056
P121,Q6425,P1056
P121,Q6428,P1056
P121,Q1084919,P121
P121,Q139289,P121
P121,Q207400,P121
P121,Q2355950,P121
P121,Q6387,P121
P121,Q6401,P121
P121,Q6418,P121
P121,Q6423,P121
P121,Q6425,P121
P121,Q6428,P121
P121,Q6475,P121
P127,Q1196231,P127
P127,Q1411292,P127
P127,Q1516562,P127
P127,Q201653,P127
P127,Q2037125,P127
P127,Q217583,P127
P127,Q219635,P127
P127,Q22032185,P127
P127,Q2557807,P127
P127,Q3511946,P127
P127,Q505275,P127
P127,Q5284,P127
P127,Q54173,P127
P127,Q55662775,P127
P127,Q7603552,P127
P127,Q849363,P127
P127,Q85750542,P127
P127,Q92759,P127
P127,Q970695,P127
P127,Q970769,P127
P131,Q1223,P159
P131,Q1297,P159
P131,Q16557,P159
P131,Q16559,P159
P131,Q16563,P159
P131,Q212793,P159
P131,Q30,P159
P131,Q60,P159
P1344,Q1107563,P1344
P1344,Q62562301,P1344
P1454,Q114794942,P1454
P1454,Q134161,P1454
P1454,Q149789,P1454
P1454,Q166280,P1454
P1454,Q167037,P1454
P1454,Q33685,P1454
P1454,Q422069,P1454
P1454,Q5225895,P1454
P1454,Q57655560,P1454
P1454,Q654502,P1454
P1454,Q6832945,P1454
P1454,Q697852,P1454
P1454,Q783794,P1454
P1454,Q88537331,P1454
P1454,Q891723,P1454
P1454,Q909695,P1454
P1454,Q98897593,P1454
P155,Q1476277,P155
P155,Q2843047,P155
P155,Q6772977,P155
P155,Q113112349,P355
P155,Q1476277,P355
P155,Q18643654,P355
P155,Q191715,P355
P155,Q1925685,P355
P155,Q213849,P355
P155,Q2633403,P355
P155,Q2843047,P355
P155,Q327751,P355
P155,Q463261,P355
P155,Q524629,P355
P155,Q7616017,P355
P155,Q82059,P355
P159,Q100,P159
P159,Q107126,P159
P159,Q1204,P159
P159,Q12439,P159
P159,Q1267489,P159
P159,Q1297,P159
P159,Q1342,P159
P159,Q1345,P159
P159,Q1375280,P159
P159,Q138367,P159
P159,Q1527,P159
P159,Q159260,P159
P159,Q16552,P159
P159,Q16553,P159
P159,Q16554,P159
P159,Q16555,P159
P159,Q16556,P159
P159,Q16557,P159
P159,Q16558,P159
P159,Q16559,P159
P159,Q16563,P159
P159,Q16565,P159
P159,Q16567,P159
P159,Q16739,P159
P159,Q169943,P159
P159,Q174224,P159
P159,Q1761,P159
P159,Q18383,P159
P159,Q189471,P159
P159,Q208447,P159
P159,Q208459,P159
P159,Q214164,P159
P159,Q23556,P159
P159,Q23768,P159
P159,Q27,P159
P159,Q287895,P159
P159,Q28848,P159
P159,Q3130,P159
P159,Q338720,P159
P159,Q34863,P159
P159,Q36091,P159
P159,Q37320,P159
P159,Q37836,P159
P159,Q38022,P159
P159,Q408744,P159
P159,Q43196,P159
P159,Q43199,P159
P159,Q43421,P159
P159,Q43668,P159
P159,Q44989,P159
P159,Q47265,P159
P159,Q485716,P159
P159,Q486860,P159
P159,Q49111,P159
P159,Q49169,P159
P159,Q49190,P159
P159,Q49202,P159
P159,Q49219,P159
P159,Q49238,P159
P159,Q5083,P159
P159,Q51690,P159
P159,Q54189,P159
P159,Q54217,P159
P159,Q575355,P159
P159,Q584451,P159
P159,Q60,P159
P159,Q605472,P159
P159,Q61,P159
P159,Q62,P159
P159,Q6346,P159
P159,Q642275,P159
P159,Q65,P159
P159,Q771,P159
P159,Q79867,P159
P159,Q84,P159
P159,Q8652,P159
P159,Q963138,P159
P159,Q975,P159
P159,Q988691,P159
P166,Q110530811,P166
P166,Q2586695,P166
P166,Q5300150,P166
P166,Q7618013,P166
P166,Q92429087,P166
P166,Q937629,P166
P169,Q1521908,P127
P169,Q181162,P127
P169,Q305177,P127
P169,Q312556,P127
P169,Q317521,P127
P169,Q319137,P127
P169,Q47213,P127
P169,Q4934,P127
P169,Q5284,P127
P169,Q7306657,P127
P169,Q18386868,P169
P169,Q267074,P169
P169,Q55174,P169
P169,Q1065665,P3320
P169,Q107769686,P3320
P169,Q109570254,P3320
P169,Q109775839,P3320
P169,Q1289900,P3320
P169,Q1392181,P3320
P169,Q1582880,P3320
P169,Q16148720,P3320
P169,Q16193174,P3320
P169,Q16193601,P3320
P169,Q16195693,P3320
P169,Q16196595,P3320
P169,Q1650162,P3320
P169,Q16727786,P3320
P169,Q16732385,P3320
P169,Q1806074,P3320
P169,Q18153753,P3320
P169,Q18207172,P3320
P169,Q18379146,P3320
P169,Q18386868,P3320
P169,Q18619565,P3320
P169,Q18630871,P3320
P169,Q18634617,P3320
P169,Q18748951,P3320
P169,Q18921712,P3320
P169,Q1900344,P3320
P169,Q19661212,P3320
P169,Q19837,P3320
P169,Q20631101,P3320
P169,Q20687650,P3320
P169,Q20857886,P3320
P169,Q21041473,P3320
P169,Q21551443,P3320
P169,Q21997525,P3320
P169,Q22279080,P3320
P169,Q23303128,P3320
P169,Q25141716,P3320
P169,Q2622748,P3320
P169,Q264913,P3320
P169,Q265852,P3320
P169,Q267074,P3320
P169,Q2745626,P3320
P169,Q27735066,P3320
P169,Q27839505,P3320
P169,Q28018191,P3320
P169,Q28501080,P3320
P169,Q28920824,P3320
P169,Q28922190,P3320
P169,Q29641838,P3320
P169,Q31202127,P3320
P169,Q312556,P3320
P169,Q317521,P3320
P169,Q321698,P3320
P169,Q337024,P3320
P169,Q344045,P3320
P169,Q348874,P3320
P169,Q3503829,P3320
P169,Q369783,P3320
P169,Q4117176,P3320
P169,Q41812531,P3320
P169,Q47213,P3320
P169,Q48562446,P3320
P169,Q4934,P3320
P169,Q4953889,P3320
P169,Q4964404,P3320
P169,Q4970379,P3320
P169,Q49971,P3320
P169,Q5044471,P3320
P169,Q51841506,P3320
P169,Q5188669,P3320
P169,Q5214356,P3320
P169,Q52272598,P3320
P169,Q5232041,P3320
P169,Q5257725,P3320
P169,Q5284,P3320
P169,Q532423,P3320
P169,Q5483294,P3320
P169,Q5517112,P3320
P169,Q55174,P3320
P169,Q55196710,P3320
P169,Q5590777,P3320
P169,Q56042353,P3320
P169,Q56868014,P3320
P169,Q5982101,P3320
P169,Q60445729,P3320
P169,Q6128032,P3320
P169,Q6140775,P3320
P169,Q61985799,P3320
P169,Q63400080,P3320
P169,Q63410046,P3320
P169,Q63975443,P3320
P169,Q6779013,P3320
P169,Q6832018,P3320
P169,Q713588,P3320
P169,Q7143480,P3320
P169,Q7306657,P3320
P169,Q73426541,P3320
P169,Q7384237,P3320
P169,Q7426870,P3320
P169,Q7436228,P3320
P169,Q7609568,P3320
P169,Q7615193,P3320
P169,Q7791054,P3320
P169,Q7791174,P3320
P169,Q83780224,P3320
P169,Q84053114,P3320
P169,Q86408516,P3320
P169,Q912811,P3320
P169,Q922169,P3320
P169,Q95569597,P3320
P169,Q96775410,P3320
P17,Q27,P159
P17,Q30,P159
P1830,Q192314,P127
P1830,Q219635,P127
P1830,Q3295867,P127
P1830,Q334204,P127
P1830,Q54173,P127
P1830,Q58024,P127
P1830,Q9396,P127
P1830,Q1236833,P1830
P1830,Q1541150,P1830
P1830,Q156238,P1830
P1830,Q1656230,P1830
P1830,Q206921,P1830
P1830,Q2283,P1830
P1830,Q312,P1830
P1830,Q3295867,P1830
P1830,Q329953,P1830
P1830,Q333718,P1830
P1830,Q334204,P1830
P1830,Q368181,P1830
P1830,Q37156,P1830
P1830,Q38076,P1830
P1830,Q459965,P1830
P1830,Q483551,P1830
P1830,Q487907,P1830
P1830,Q54173,P1830
P1830,Q5476820,P1830
P1830,Q66,P1830
P1830,Q7414,P1830
P1830,Q741707,P1830
P1830,Q744149,P1830
P1830,Q907311,P1830
P1830,Q908662,P1830
P1830,Q327634,P749
P1830,Q334800,P749
P1830,Q58024,P749
P1830,Q9396,P749
P31,Q11371,P452
P31,Q1341478,P452
P31,Q18388277,P452
P31,Q1916382,P452
P31,Q1934969,P452
P31,Q2089936,P452
P31,Q22687,P452
P31,Q261428,P452
P31,Q3966,P452
P31,Q4830453,P452
P31,Q483639,P452
P31,Q507619,P452
P31,Q697852,P452
P31,Q7397,P452
P31,Q762548,P452
P31,Q778575,P452
P31,Q873442,P452
P31,Q946499,P452
P3320,Q312556,P127
P3320,Q317521,P127
P3320,Q47213,P127
P3320,Q4934,P127
P3320,Q5234268,P127
P3320,Q5284,P127
P3320,Q7306657,P127
P3320,Q918630,P127
P3320,Q92747,P127
P3320,Q92759,P127
P3320,Q92764,P127
P355,Q219635,P127
P355,Q7603552,P127
P355,Q100292691,P1830
P355,Q1052823,P1830
P355,Q1054700,P1830
P355,Q1056839,P1830
P355,Q1064703,P1830
P355,Q10860313,P1830
P355,Q1135204,P1830
P355,Q1138889,P1830
P355,Q1152374,P1830
P355,Q119267,P1830
P355,Q1192687,P1830
P355,Q1200552,P1830
P355,Q127316,P1830
P355,Q127552,P1830
P355,Q130729,P1830
P355,Q1318737,P1830
P355,Q1325893,P1830
P355,Q13683,P1830
P355,Q1411762,P1830
P355,Q1415262,P1830
P355,Q1417484,P1830
P355,Q14647,P1830
P355,Q1485061,P1830
P355,Q1501379,P1830
P355,Q1548159,P1830
P355,Q1554299,P1830
P355,Q1663991,P1830
P355,Q1746945,P1830
P355,Q1756332,P1830
P355,Q178824,P1830
P355,Q178837,P1830
P355,Q1790346,P1830
P355,Q1809448,P1830
P355,Q1846049,P1830
P355,Q191615,P1830
P355,Q19681433,P1830
P355,Q1972120,P1830
P355,Q200491,P1830
P355,Q206678,P1830
P355,Q2071252,P1830
P355,Q213660,P1830
P355,Q213849,P1830
P355,Q2150493,P1830
P355,Q217776,P1830
P355,Q219635,P1830
P355,Q220317,P1830
P355,Q2216535,P1830
P355,Q224599,P1830
P355,Q22906322,P1830
P355,Q2291482,P1830
P355,Q230051,P1830
P355,Q2359213,P1830
P355,Q2401704,P1830
P355,Q242446,P1830
P355,Q2451589,P1830
P355,Q2456368,P1830
P355,Q246125,P1830
P355,Q25007,P1830
P355,Q2660350,P1830
P355,Q2665841,P1830
P355,Q267313,P1830
P355,Q2699694,P1830
P355,Q27585,P1830
P355,Q28129037,P1830
P355,Q2816491,P1830
P355,Q2866017,P1830
P355,Q29231846,P1830
P355,Q297410,P1830
P355,Q304992,P1830
P355,Q308913,P1830
P355,Q3100073,P1830
P355,Q3108542,P1830
P355,Q31327320,P1830
P355,Q319515,P1830
P355,Q3241626,P1830
P355,Q327634,P1830
P355,Q334122,P1830
P355,Q3358931,P1830
P355,Q3362807,P1830
P355,Q3511885,P1830
P355,Q364,P1830
P355,Q366651,P1830
P355,Q371068,P1830
P355,Q374451,P1830
P355,Q3783594,P1830
P355,Q4037769,P1830
P355,Q4042525,P1830
P355,Q40650,P1830
P355,Q420953,P1830
P355,Q432492,P1830
P355,Q43380,P1830
P355,Q448532,P1830
P355,Q456157,P1830
P355,Q458944,P1830
P355,Q4651363,P1830
P355,Q470696,P1830
P355,Q4804093,P1830
P355,Q483959,P1830
P355,Q503592,P1830
P355,Q5174635,P1830
P355,Q524757,P1830
P355,Q5271745,P1830
P355,Q5275948,P1830
P355,Q5399929,P1830
P355,Q546004,P1830
P355,Q5467279,P1830
P355,Q565423,P1830
P355,Q5665067,P1830
P355,Q570930,P1830
P355,Q614227,P1830
P355,Q631220,P1830
P355,Q634056,P1830
P355,Q654073,P1830
P355,Q6675775,P1830
P355,Q668737,P1830
P355,Q6784797,P1830
P355,Q722027,P1830
P355,Q724530,P1830
P355,Q73801,P1830
P355,Q752941,P1830
P355,Q7599653,P1830
P355,Q766329,P1830
P355,Q7719162,P1830
P355,Q775060,P1830
P355,Q795324,P1830
P355,Q795386,P1830
P355,Q815668,P1830
P355,Q819641,P1830
P355,Q835847,P1830
P355,Q857063,P1830
P355,Q8793,P1830
P355,Q890212,P1830
P355,Q901932,P1830
P355,Q9060843,P1830
P355,Q909169,P1830
P355,Q919641,P1830
P355,Q929872,P1830
P355,Q946630,P1830
P355,Q94912,P1830
P355,Q94937,P1830
P355,Q960876,P1830
P355,Q98081129,P1830
P355,Q1790346,P199
P355,Q220317,P199
P355,Q2893391,P199
P355,Q3146518,P199
P355,Q327751,P199
P355,Q421253,P199
P355,Q4698114,P199
P355,Q4937128,P199
P355,Q795324,P199
P355,Q8793,P199
P355,Q11506786,P355
P355,Q1253020,P355
P355,Q1746945,P355
P355,Q18643654,P355
P355,Q2277744,P355
P355,Q246125,P355
P355,Q2660350,P355
P355,Q2816491,P355
P355,Q2866017,P355
P355,Q4947674,P355
P355,Q82610,P355
P361,Q1230458,P361
P361,Q1546793,P361
P361,Q155718,P361
P361,Q180816,P361
P361,Q1969854,P361
P361,Q242345,P361
P361,Q30748112,P361
P361,Q466496,P361
P361,Q47492123,P361
P361,Q4905444,P361
P361,Q507306,P361
P361,Q688712,P361
P361,Q773026,P361
P361,Q874430,P361
P361,Q981010,P361
P400,Q22645,P1056
P400,Q8076,P1056
P400,Q842729,P1056
P414,Q82059,P361
P452,Q697852,P1454
P452,Q778575,P1454
P452,Q11650,P176
P452,Q101333,P452
P452,Q1056396,P452
P452,Q107601756,P452
P452,Q11033,P452
P452,Q11416,P452
P452,Q11451,P452
P452,Q11650,P452
P452,Q11661,P452
P452,Q11828862,P452
P452,Q1187656,P452
P452,Q12303494,P452
P452,Q126793,P452
P452,Q12752882,P452
P452,Q1318054,P452
P452,Q1326624,P452
P452,Q1326885,P452
P452,Q1341478,P452
P452,Q1416657,P452
P452,Q1481411,P452
P452,Q1495452,P452
P452,Q15067276,P452
P452,Q1519843,P452
P452,Q1540863,P452
P452,Q1660132,P452
P452,Q1666934,P452
P452,Q16955053,P452
P452,Q1751445,P452
P452,Q1757562,P452
P452,Q177777,P452
P452,Q180388,P452
P452,Q1875606,P452
P452,Q187939,P452
P452,Q190117,P452
P452,Q1951366,P452
P452,Q19595701,P452
P452,Q207652,P452
P452,Q2151621,P452
P452,Q220695,P452
P452,Q22687,P452
P452,Q23700345,P452
P452,Q2518196,P452
P452,Q25245117,P452
P452,Q261428,P452
P452,Q29584334,P452
P452,Q2986369,P452
P452,Q31207,P452
P452,Q3246832,P452
P452,Q3477363,P452
P452,Q3565868,P452
P452,Q381233,P452
P452,Q383973,P452
P452,Q385378,P452
P452,Q392933,P452
P452,Q3966,P452
P452,Q401404,P452
P452,Q418,P452
P452,Q43183,P452
P452,Q44497,P452
P452,Q474200,P452
P452,Q484847,P452
P452,Q4899370,P452
P452,Q49389,P452
P452,Q507443,P452
P452,Q507619,P452
P452,Q540912,P452
P452,Q56598901,P452
P452,Q581105,P452
P452,Q5892272,P452
P452,Q61515,P452
P452,Q63383285,P452
P452,Q638608,P452
P452,Q6554101,P452
P452,Q6608318,P452
P452,Q66221,P452
P452,Q697852,P452
P452,Q7108,P452
P452,Q7397,P452
P452,Q75,P452
P452,Q7590,P452
P452,Q778575,P452
P452,Q806718,P452
P452,Q811530,P452
P452,Q8148,P452
P452,Q837171,P452
P452,Q862571,P452
P452,Q868404,P452
P452,Q873442,P452
P452,Q880371,P452
P452,Q907703,P452
P452,Q9323634,P452
P452,Q941594,P452
P463,Q4905444,P361
P463,Q1008895,P463
P463,Q105272307,P463
P463,Q111164948,P463
P463,Q1203027,P463
P463,Q1361045,P463
P463,Q1454899,P463
P463,Q15614763,P463
P463,Q15731702,P463
P463,Q1663561,P463
P463,Q1663567,P463
P463,Q16725802,P463
P463,Q16848217,P463
P463,Q16974387,P463
P463,Q19787650,P463
P463,Q20714602,P463
P463,Q20947086,P463
P463,Q2513750,P463
P463,Q28444691,P463
P463,Q2934750,P463
P463,Q2985457,P463
P463,Q3616482,P463
P463,Q37033,P463
P463,Q38620786,P463
P463,Q463681,P463
P463,Q492705,P463
P463,Q537395,P463
P463,Q55524865,P463
P463,Q60535625,P463
P463,Q616953,P463
P463,Q63256596,P463
P463,Q67904121,P463
P463,Q7389502,P463
P463,Q75097496,P463
P463,Q79100838,P463
P463,Q80653810,P463
P463,Q80655185,P463
P463,Q80656429,P463
P463,Q852297,P463
P463,Q858851,P463
P6379,Q1192305,P6379
P6379,Q1809071,P6379
P6379,Q188740,P6379
P6379,Q674449,P6379
P6379,Q98893863,P6379
P6379,Q99349561,P6379
P6379,Q99349995,P6379
P740,Q100,P159
P740,Q1082801,P159
P740,Q12439,P159
P740,Q1297,P159
P740,Q1342,P159
P740,Q138338,P159
P740,Q138367,P159
P740,Q1531184,P159
P740,Q159260,P159
P740,Q16552,P159
P740,Q16553,P159
P740,Q16554,P159
P740,Q16555,P159
P740,Q16557,P159
P740,Q16558,P159
P740,Q16565,P159
P740,Q208447,P159
P740,Q208459,P159
P740,Q2132317,P159
P740,Q23556,P159
P740,Q23768,P159
P740,Q28848,P159
P740,Q30,P159
P740,Q302894,P159
P740,Q30985,P159
P740,Q34144,P159
P740,Q36091,P159
P740,Q37320,P159
P740,Q37836,P159
P740,Q39561,P159
P740,Q40435,P159
P740,Q430464,P159
P740,Q43199,P159
P740,Q43421,P159
P740,Q47265,P159
P740,Q49111,P159
P740,Q49169,P159
P740,Q49172,P159
P740,Q49225,P159
P740,Q49231,P159
P740,Q5083,P159
P740,Q509115,P159
P740,Q5112,P159
P740,Q584451,P159
P740,Q590191,P159
P740,Q60,P159
P740,Q62,P159
P740,Q65,P159
P740,Q84,P159
P740,Q8652,P159
P740,Q936768,P159
P740,Q968021,P159
P740,Q9832,P159
P740,Q992560,P159
P740,Q993483,P159
P740,Q30,P495
P740,Q12439,P740
P740,Q1297,P740
P740,Q16557,P740
P740,Q23556,P740
P740,Q36091,P740
P740,Q37320,P740
P740,Q47265,P740
P740,Q5083,P740
P740,Q60,P740
P740,Q62,P740
P749,Q1516562,P127
P749,Q217583,P127
P749,Q38928,P127
P749,Q4033665,P127
P749,Q4742937,P127
P749,Q58024,P127
P749,Q895325,P127
P749,Q9396,P127
P793,Q1186164,P793
